platform,label,url,category
hn,Hacker News,https://hnrss.org/newest?points=20,(field-undivided)
reddit,r/philosophy,https://www.reddit.com/r/philosophy+askphilosophy+sociology+AskSocialScience+psychology+AskPsychology+PhilosophyOfScience+compsci+MachineLearning+artificial+LocalLLaMA+systems+economics+AskEconomics+logic+PoliticalScience+PoliticalPhilosophy/hot/.rss?limit=100,Philosophy
reddit,r/askphilosophy,https://www.reddit.com/r/philosophy+askphilosophy+sociology+AskSocialScience+psychology+AskPsychology+PhilosophyOfScience+compsci+MachineLearning+artificial+LocalLLaMA+systems+economics+AskEconomics+logic+PoliticalScience+PoliticalPhilosophy/hot/.rss?limit=100,Philosophy
reddit,r/sociology,https://www.reddit.com/r/philosophy+askphilosophy+sociology+AskSocialScience+psychology+AskPsychology+PhilosophyOfScience+compsci+MachineLearning+artificial+LocalLLaMA+systems+economics+AskEconomics+logic+PoliticalScience+PoliticalPhilosophy/hot/.rss?limit=100,Sociology
reddit,r/AskSocialScience,https://www.reddit.com/r/philosophy+askphilosophy+sociology+AskSocialScience+psychology+AskPsychology+PhilosophyOfScience+compsci+MachineLearning+artificial+LocalLLaMA+systems+economics+AskEconomics+logic+PoliticalScience+PoliticalPhilosophy/hot/.rss?limit=100,"Social Sciences, Interdisciplinary"
reddit,r/psychology,https://www.reddit.com/r/philosophy+askphilosophy+sociology+AskSocialScience+psychology+AskPsychology+PhilosophyOfScience+compsci+MachineLearning+artificial+LocalLLaMA+systems+economics+AskEconomics+logic+PoliticalScience+PoliticalPhilosophy/hot/.rss?limit=100,Psychology
reddit,r/AskPsychology,https://www.reddit.com/r/philosophy+askphilosophy+sociology+AskSocialScience+psychology+AskPsychology+PhilosophyOfScience+compsci+MachineLearning+artificial+LocalLLaMA+systems+economics+AskEconomics+logic+PoliticalScience+PoliticalPhilosophy/hot/.rss?limit=100,Psychology
reddit,r/PhilosophyOfScience,https://www.reddit.com/r/philosophy+askphilosophy+sociology+AskSocialScience+psychology+AskPsychology+PhilosophyOfScience+compsci+MachineLearning+artificial+LocalLLaMA+systems+economics+AskEconomics+logic+PoliticalScience+PoliticalPhilosophy/hot/.rss?limit=100,History & Philosophy of Science
reddit,r/compsci,https://www.reddit.com/r/philosophy+askphilosophy+sociology+AskSocialScience+psychology+AskPsychology+PhilosophyOfScience+compsci+MachineLearning+artificial+LocalLLaMA+systems+economics+AskEconomics+logic+PoliticalScience+PoliticalPhilosophy/hot/.rss?limit=100,"Computer Science, Theory & Methods"
reddit,r/MachineLearning,https://www.reddit.com/r/philosophy+askphilosophy+sociology+AskSocialScience+psychology+AskPsychology+PhilosophyOfScience+compsci+MachineLearning+artificial+LocalLLaMA+systems+economics+AskEconomics+logic+PoliticalScience+PoliticalPhilosophy/hot/.rss?limit=100,"Computer Science, Artificial Intelligence"
reddit,r/artificial,https://www.reddit.com/r/philosophy+askphilosophy+sociology+AskSocialScience+psychology+AskPsychology+PhilosophyOfScience+compsci+MachineLearning+artificial+LocalLLaMA+systems+economics+AskEconomics+logic+PoliticalScience+PoliticalPhilosophy/hot/.rss?limit=100,"Computer Science, Artificial Intelligence"
reddit,r/LocalLLaMA,https://www.reddit.com/r/philosophy+askphilosophy+sociology+AskSocialScience+psychology+AskPsychology+PhilosophyOfScience+compsci+MachineLearning+artificial+LocalLLaMA+systems+economics+AskEconomics+logic+PoliticalScience+PoliticalPhilosophy/hot/.rss?limit=100,"Computer Science, Artificial Intelligence"
reddit,r/systems,https://www.reddit.com/r/philosophy+askphilosophy+sociology+AskSocialScience+psychology+AskPsychology+PhilosophyOfScience+compsci+MachineLearning+artificial+LocalLLaMA+systems+economics+AskEconomics+logic+PoliticalScience+PoliticalPhilosophy/hot/.rss?limit=100,"Computer Science, Cybernetics"
reddit,r/economics,https://www.reddit.com/r/philosophy+askphilosophy+sociology+AskSocialScience+psychology+AskPsychology+PhilosophyOfScience+compsci+MachineLearning+artificial+LocalLLaMA+systems+economics+AskEconomics+logic+PoliticalScience+PoliticalPhilosophy/hot/.rss?limit=100,Economics
reddit,r/AskEconomics,https://www.reddit.com/r/philosophy+askphilosophy+sociology+AskSocialScience+psychology+AskPsychology+PhilosophyOfScience+compsci+MachineLearning+artificial+LocalLLaMA+systems+economics+AskEconomics+logic+PoliticalScience+PoliticalPhilosophy/hot/.rss?limit=100,Economics
reddit,r/logic,https://www.reddit.com/r/philosophy+askphilosophy+sociology+AskSocialScience+psychology+AskPsychology+PhilosophyOfScience+compsci+MachineLearning+artificial+LocalLLaMA+systems+economics+AskEconomics+logic+PoliticalScience+PoliticalPhilosophy/hot/.rss?limit=100,Logic
reddit,r/PoliticalScience,https://www.reddit.com/r/philosophy+askphilosophy+sociology+AskSocialScience+psychology+AskPsychology+PhilosophyOfScience+compsci+MachineLearning+artificial+LocalLLaMA+systems+economics+AskEconomics+logic+PoliticalScience+PoliticalPhilosophy/hot/.rss?limit=100,Political Science
reddit,r/PoliticalPhilosophy,https://www.reddit.com/r/philosophy+askphilosophy+sociology+AskSocialScience+psychology+AskPsychology+PhilosophyOfScience+compsci+MachineLearning+artificial+LocalLLaMA+systems+economics+AskEconomics+logic+PoliticalScience+PoliticalPhilosophy/hot/.rss?limit=100,Political Science
lemmy,lemmy.ml/c/philosophy,https://lemmy.ml/feeds/c/philosophy.xml?sort=New,Philosophy
lemmy,mander.xyz/c/sociology,https://mander.xyz/feeds/c/sociology.xml?sort=New,Sociology
lemmy,mander.xyz/c/appliedpsychology,https://mander.xyz/feeds/c/appliedpsychology.xml?sort=New,Psychology
lemmy,lemmy.ml/c/economics,https://lemmy.ml/feeds/c/economics.xml?sort=New,Economics
lemmy,lemmy.world/c/science,https://lemmy.world/feeds/c/science.xml?sort=New,History & Philosophy of Science
lemmy,programming.dev/c/Aii,https://programming.dev/feeds/c/Aii.xml?sort=New,"Computer Science, Artificial Intelligence"
lemmy,lemmy.ml/c/geopolitics,https://lemmy.ml/feeds/c/geopolitics.xml?sort=New,Political Science
lemmy,lemmy.ml/c/asklemmy,https://lemmy.ml/feeds/c/asklemmy.xml?sort=New,Social Sciences
